RMY,LI,MVS,ML,YS,KLE,SF,NR,HY,GTN,T,TA,LT,IKV,R,Q,E,D,C,A,Oligomerization
0,0,0.0041841,0,0,0.0041841,0,0.004166667,0.008333333,0,0.058091286,0.004166667,0.008333333,0.0041841,0.029045643,0.024896266,0.066390041,0.078838174,0,0.033195021,Monomer
0,0.004219409,0,0,0,0,0,0.004219409,0.008438819,0,0.075630252,0.004219409,0.008438819,0.004237288,0.025210084,0.029411765,0.06302521,0.075630252,0.008403361,0.042016807,Monomer
0,0,0,0.004464286,0.004464286,0,0,0.004464286,0.004464286,0.004484305,0.066666667,0.004464286,0.004464286,0,0.044444444,0.031111111,0.057777778,0.071111111,0.017777778,0.048888889,Monomer
0.004464286,0,0.004464286,0,0,0,0.004444444,0,0.004444444,0.004464286,0.057522124,0.004444444,0,0,0.039823009,0.030973451,0.101769912,0.057522124,0.004424779,0.044247788,Monomer
0,0,0,0,0.004329004,0,0.004329004,0.004329004,0.008658009,0.004347826,0.051724138,0.004329004,0.012987013,0,0.043103448,0.017241379,0.060344828,0.073275862,0.012931034,0.051724138,Monomer
0.004484305,0,0,0,0,0,0.004464286,0,0.004464286,0.004484305,0.062222222,0.004464286,0,0,0.04,0.035555556,0.097777778,0.062222222,0,0.053333333,Monomer
0.004484305,0,0,0,0,0,0.004464286,0,0.004464286,0.004484305,0.057777778,0.004464286,0,0,0.04,0.026666667,0.097777778,0.062222222,0.004444444,0.053333333,Monomer
0.004273504,0,0.004273504,0,0,0,0.004255319,0,0.004255319,0.004273504,0.050847458,0.004255319,0,0,0.038135593,0.029661017,0.101694915,0.050847458,0,0.042372881,Monomer
0.004273504,0,0.004273504,0,0.004255319,0,0.004255319,0,0.004255319,0.004273504,0.055084746,0.004255319,0,0,0.038135593,0.025423729,0.105932203,0.046610169,0.004237288,0.050847458,Monomer
0.004484305,0,0,0,0,0,0.004464286,0,0.004464286,0.004484305,0.062222222,0.004464286,0,0,0.04,0.031111111,0.093333333,0.062222222,0,0.057777778,Monomer
0.004464286,0,0.004464286,0,0,0,0.004444444,0,0.004444444,0.004464286,0.057522124,0.004444444,0,0,0.044247788,0.030973451,0.10619469,0.057522124,0,0.048672566,Monomer
0,0,0,0,0.00390625,0,0.00390625,0.00390625,0.00390625,0,0.035019455,0,0.00390625,0,0.042801556,0.027237354,0.058365759,0.085603113,0.015564202,0.046692607,Monomer
0,0,0.004347826,0,0.004329004,0.004347826,0.012987013,0.004329004,0,0,0.051724138,0.012987013,0,0,0.038793103,0.043103448,0.073275862,0.038793103,0.012931034,0.051724138,Monomer
0,0,0,0,0.004694836,0.004716981,0.004694836,0.004694836,0,0,0.093457944,0.004694836,0.014084507,0,0.03271028,0.023364486,0.074766355,0.042056075,0.009345794,0.060747664,Monomer
0,0.004149378,0,0,0,0,0,0,0.008298755,0,0.070247934,0.004149378,0.008298755,0.004166667,0.02892562,0.02892562,0.061983471,0.070247934,0.008264463,0.049586777,Monomer
0,0,0,0,0,0.0041841,0.004166667,0.004166667,0.008333333,0,0.066390041,0.008333333,0.004166667,0,0.037344398,0.029045643,0.062240664,0.070539419,0.008298755,0.033195021,Monomer
0.004484305,0,0,0,0,0,0.004464286,0,0.004464286,0.004484305,0.062222222,0.004464286,0,0,0.04,0.035555556,0.097777778,0.062222222,0,0.053333333,Monomer
0,0.012295082,0,0.004098361,0,0,0.008196721,0,0,0,0.081632653,0.008196721,0.004098361,0.004115226,0.036734694,0.032653061,0.073469388,0.036734694,0.016326531,0.044897959,Monomer
0,0.004347826,0,0,0.008695652,0,0.004347826,0.004347826,0.008695652,0.004366812,0.060606061,0.008695652,0.008695652,0,0.034632035,0.025974026,0.069264069,0.056277056,0.012987013,0.038961039,Monomer
0.004484305,0,0,0,0,0,0.004464286,0,0.004464286,0.004484305,0.062222222,0.004464286,0,0,0.04,0.031111111,0.097777778,0.062222222,0.004444444,0.053333333,Monomer
0.004484305,0,0,0,0,0,0.004464286,0,0.004464286,0.004484305,0.062222222,0.004464286,0,0,0.04,0.031111111,0.097777778,0.062222222,0,0.053333333,Monomer
0.004484305,0,0,0,0,0,0.004464286,0,0.004464286,0.004484305,0.066666667,0.004464286,0,0,0.04,0.031111111,0.097777778,0.062222222,0,0.053333333,Monomer
0.004273504,0,0.004273504,0,0,0,0.004255319,0,0.004255319,0.004273504,0.050847458,0.004255319,0,0,0.033898305,0.033898305,0.101694915,0.059322034,0,0.046610169,Monomer
0.004273504,0,0.004273504,0,0,0,0.004255319,0,0.004255319,0.004273504,0.059322034,0.004255319,0.004255319,0,0.038135593,0.021186441,0.101694915,0.055084746,0,0.046610169,Monomer
0.004273504,0,0.004273504,0,0.004255319,0,0.008510638,0.004255319,0,0.004273504,0.063559322,0.004255319,0.004255319,0,0.033898305,0.008474576,0.084745763,0.076271186,0,0.042372881,Monomer
0,0,0,0,0.004651163,0,0.009302326,0.004651163,0,0.004672897,0.046296296,0,0.004651163,0,0.032407407,0.009259259,0.083333333,0.069444444,0,0.041666667,Monomer
0,0,0.004201681,0,0.008368201,0,0.008368201,0.0041841,0.0041841,0.004201681,0.045833333,0,0,0,0.029166667,0.016666667,0.083333333,0.066666667,0.004166667,0.0375,Monomer
0,0,0.004219409,0,0,0.004219409,0,0.004201681,0.008403361,0,0.071129707,0.008403361,0.008403361,0,0.025104603,0.033472803,0.066945607,0.079497908,0.008368201,0.041841004,Monomer
0,0,0.004115226,0,0,0.004115226,0,0.004098361,0.008196721,0,0.069387755,0.008196721,0.008196721,0,0.024489796,0.032653061,0.065306122,0.07755102,0.008163265,0.040816327,Monomer
0,0.004201681,0.004219409,0,0,0.004219409,0,0.004201681,0.008403361,0,0.062761506,0.008403361,0.004201681,0,0.025104603,0.033472803,0.066945607,0.075313808,0.008368201,0.037656904,Monomer
0,0.004201681,0.004219409,0,0,0.004219409,0,0.004201681,0.008403361,0,0.062761506,0.008403361,0.004201681,0,0.025104603,0.033472803,0.066945607,0.075313808,0.008368201,0.037656904,Monomer
0,0,0.004219409,0,0,0.004219409,0,0.004201681,0.008403361,0,0.071129707,0.008403361,0.008403361,0,0.025104603,0.033472803,0.066945607,0.075313808,0.008368201,0.037656904,Monomer
0,0,0.004219409,0,0,0.004219409,0,0.004201681,0.008403361,0,0.071129707,0.008403361,0.008403361,0,0.025104603,0.033472803,0.066945607,0.079497908,0.008368201,0.037656904,Monomer
0,0,0.004219409,0,0,0.004219409,0,0.004201681,0.008403361,0,0.071129707,0.008403361,0.008403361,0,0.025104603,0.033472803,0.066945607,0.079497908,0.008368201,0.041841004,Monomer
0,0,0.004219409,0,0,0.004219409,0,0.004201681,0.008403361,0,0.071129707,0.008403361,0.008403361,0,0.025104603,0.033472803,0.066945607,0.079497908,0.008368201,0.041841004,Monomer
0,0.008438819,0,0,0,0.008474576,0,0.004219409,0.008438819,0,0.054621849,0.004219409,0,0,0.033613445,0.025210084,0.075630252,0.067226891,0.012605042,0.029411765,Monomer
0,0.008438819,0,0,0,0.008474576,0.004219409,0.004219409,0.008438819,0,0.054621849,0.004219409,0,0,0.033613445,0.025210084,0.075630252,0.067226891,0.012605042,0.029411765,Monomer
0,0.008438819,0,0,0,0.008474576,0,0.004219409,0.008438819,0,0.054621849,0.004219409,0,0,0.033613445,0.025210084,0.075630252,0.067226891,0.012605042,0.029411765,Monomer
0,0.008438819,0,0,0,0.008474576,0,0.004219409,0.008438819,0,0.054621849,0.004219409,0,0,0.033613445,0.021008403,0.075630252,0.067226891,0.016806723,0.029411765,Monomer
0,0.008438819,0,0,0,0.008474576,0,0.004219409,0.008438819,0,0.058823529,0.004219409,0,0,0.033613445,0.025210084,0.075630252,0.067226891,0.012605042,0.029411765,Monomer
0,0.008438819,0,0,0,0.008474576,0,0.004219409,0.008438819,0,0.054621849,0.004219409,0,0,0.033613445,0.025210084,0.075630252,0.067226891,0.012605042,0.029411765,Monomer
0,0.004219409,0,0,0,0.008474576,0,0.004219409,0.008438819,0,0.054621849,0.004219409,0,0,0.033613445,0.021008403,0.075630252,0.067226891,0.012605042,0.029411765,Monomer
0,0.004219409,0,0,0,0.008474576,0,0.004219409,0.008438819,0,0.058823529,0.004219409,0,0,0.033613445,0.021008403,0.075630252,0.067226891,0.012605042,0.029411765,Monomer
0,0.008438819,0,0,0,0.008474576,0,0.004219409,0.008438819,0,0.058823529,0.004219409,0,0,0.033613445,0.025210084,0.075630252,0.067226891,0.012605042,0.029411765,Monomer
0,0.008438819,0,0,0,0.008474576,0,0.004219409,0.008438819,0,0.054621849,0.004219409,0,0,0.033613445,0.025210084,0.075630252,0.067226891,0.012605042,0.029411765,Monomer
0,0.008438819,0,0,0,0.008474576,0,0.004219409,0.008438819,0,0.058823529,0.004219409,0,0,0.033613445,0.025210084,0.075630252,0.067226891,0.012605042,0.033613445,Monomer
0,0.008438819,0,0,0,0.008474576,0,0.004219409,0.008438819,0,0.058823529,0.004219409,0,0,0.033613445,0.021008403,0.075630252,0.067226891,0.012605042,0.029411765,Monomer
0,0.008438819,0,0,0,0.008474576,0,0.004219409,0.008438819,0,0.058823529,0.004219409,0,0,0.033613445,0.025210084,0.075630252,0.067226891,0.012605042,0.029411765,Monomer
0,0,0,0,0,0.004237288,0,0.004219409,0.008438819,0,0.06302521,0.004219409,0.008438819,0.004237288,0.025210084,0.033613445,0.067226891,0.075630252,0.008403361,0.033613445,Monomer
0,0,0.004219409,0,0,0.004219409,0,0.004201681,0.008403361,0,0.071129707,0.008403361,0.008403361,0,0.025104603,0.033472803,0.066945607,0.075313808,0.008368201,0.033472803,Monomer
0,0.012711864,0.004255319,0.004237288,0,0,0.008474576,0,0,0,0.075949367,0.004237288,0.004237288,0.004255319,0.037974684,0.029535865,0.080168776,0.042194093,0.016877637,0.042194093,Monomer
0,0,0,0,0,0,0.004464286,0,0.013392857,0,0.053333333,0.008928571,0,0,0.013333333,0.057777778,0.084444444,0.066666667,0.004444444,0.044444444,Monomer
0,0,0,0,0,0.004201681,0,0.0041841,0.008368201,0,0.066666667,0.0041841,0.008368201,0.004201681,0.025,0.033333333,0.066666667,0.075,0.008333333,0.033333333,Monomer
0,0.013043478,0,0.004347826,0,0,0.008695652,0,0,0,0.077922078,0.004347826,0.004347826,0.004366812,0.038961039,0.03030303,0.077922078,0.043290043,0.017316017,0.043290043,Monomer
0,0,0.004219409,0,0,0.004219409,0,0.004201681,0.008403361,0,0.062761506,0.008403361,0.004201681,0,0.037656904,0.033472803,0.062761506,0.075313808,0.008368201,0.033472803,Monomer
0,0,0.004219409,0,0,0.004219409,0,0.004201681,0.008403361,0,0.066945607,0.004201681,0.004201681,0.004219409,0.033472803,0.033472803,0.066945607,0.071129707,0.008368201,0.033472803,Monomer
0,0,0,0,0,0.004237288,0,0.004219409,0.008438819,0,0.071428571,0.004219409,0.008438819,0.004237288,0.033613445,0.029411765,0.067226891,0.075630252,0.008403361,0.037815126,Monomer
0,0,0,0,0,0.004237288,0,0.004219409,0.008438819,0,0.071428571,0.004219409,0.008438819,0.004237288,0.033613445,0.029411765,0.067226891,0.075630252,0.008403361,0.033613445,Monomer
0,0,0.004273504,0,0,0,0.004255319,0,0.004255319,0.004273504,0.050847458,0.004255319,0,0,0.050847458,0.025423729,0.101694915,0.059322034,0.004237288,0.046610169,Monomer
0.004273504,0,0.004273504,0,0,0,0.004255319,0,0.004255319,0.004273504,0.050847458,0.004255319,0,0,0.033898305,0.029661017,0.097457627,0.055084746,0,0.042372881,Monomer
0,0,0.004219409,0,0,0.004219409,0,0.004201681,0.008403361,0,0.071129707,0.008403361,0.008403361,0,0.025104603,0.033472803,0.066945607,0.075313808,0.008368201,0.037656904,Monomer
0,0,0.004219409,0,0,0.004219409,0,0.004201681,0.008403361,0,0.071129707,0.008403361,0.008403361,0,0.025104603,0.033472803,0.066945607,0.075313808,0.008368201,0.037656904,Monomer
0,0,0.004219409,0,0,0.004219409,0,0.004201681,0.008403361,0,0.071129707,0.008403361,0.008403361,0,0.025104603,0.037656904,0.062761506,0.075313808,0.008368201,0.037656904,Monomer
0,0,0.004219409,0,0,0.004219409,0,0.004201681,0.008403361,0,0.066945607,0.008403361,0.004201681,0,0.025104603,0.033472803,0.066945607,0.075313808,0.008368201,0.037656904,Monomer
0,0,0.004219409,0,0,0.004219409,0,0.004201681,0.008403361,0,0.066945607,0.008403361,0.004201681,0,0.025104603,0.033472803,0.066945607,0.075313808,0.008368201,0.037656904,Monomer
0,0,0.004219409,0,0,0.004219409,0,0.004201681,0.008403361,0,0.066945607,0.008403361,0.004201681,0,0.025104603,0.033472803,0.066945607,0.075313808,0.008368201,0.037656904,Monomer
0,0,0,0,0.008849558,0,0.004424779,0.004424779,0.004424779,0,0.035242291,0,0.004424779,0,0.035242291,0.022026432,0.070484581,0.070484581,0.017621145,0.04845815,Monomer
0,0,0,0,0.0078125,0,0.00390625,0.00390625,0.00390625,0,0.035019455,0,0.00390625,0,0.038910506,0.027237354,0.062256809,0.085603113,0.015564202,0.046692607,Monomer
0,0.012295082,0,0.004098361,0,0,0.008196721,0,0,0,0.07755102,0.004098361,0.004098361,0.004115226,0.040816327,0.028571429,0.073469388,0.040816327,0.016326531,0.040816327,Monomer
0,0.012552301,0,0.0041841,0,0,0.008368201,0,0,0,0.079166667,0.0041841,0.0041841,0.004201681,0.0375,0.029166667,0.083333333,0.045833333,0.016666667,0.041666667,Monomer
0,0,0.002227171,0,0,0.002227171,0,0.002222222,0.004444444,0,0.068736142,0.004444444,0.008888889,0,0.042128603,0.035476718,0.084257206,0.090909091,0.00443459,0.048780488,Monomer
0,0,0.002227171,0,0,0.002227171,0,0.002222222,0.004444444,0,0.068736142,0.004444444,0.008888889,0,0.044345898,0.035476718,0.084257206,0.090909091,0.00443459,0.048780488,Monomer
0.004273504,0,0.004273504,0,0,0,0.004255319,0,0.004255319,0.004273504,0.050847458,0.004255319,0,0,0.033898305,0.033898305,0.097457627,0.059322034,0,0.046610169,Monomer
0.004273504,0,0.004273504,0,0,0,0.004255319,0,0.004255319,0.004273504,0.050847458,0.004255319,0,0,0.033898305,0.029661017,0.097457627,0.059322034,0.004237288,0.046610169,Monomer
0.004273504,0,0.004273504,0,0,0,0.004255319,0,0.004255319,0.004273504,0.033898305,0.004255319,0,0,0.038135593,0.029661017,0.101694915,0.055084746,0,0.050847458,Monomer
0.004273504,0,0.004273504,0,0.004255319,0,0.008510638,0.004255319,0,0.004273504,0.063559322,0.004255319,0.004255319,0,0.033898305,0.008474576,0.084745763,0.076271186,0,0.042372881,Monomer
0.004273504,0,0.004273504,0,0.004255319,0,0.008510638,0.004255319,0,0.004273504,0.063559322,0.004255319,0.004255319,0,0.033898305,0.008474576,0.084745763,0.076271186,0,0.042372881,Monomer
0.004273504,0,0.004273504,0,0.004255319,0,0.008510638,0.004255319,0,0.004273504,0.063559322,0.004255319,0.004255319,0,0.033898305,0.008474576,0.084745763,0.076271186,0,0.042372881,Monomer
0.004273504,0,0.004273504,0,0.004255319,0,0.008510638,0.004255319,0,0.004273504,0.063559322,0.004255319,0.004255319,0,0.033898305,0.008474576,0.084745763,0.076271186,0,0.042372881,Monomer
0.004273504,0,0.004273504,0,0.004255319,0,0.008510638,0.004255319,0,0.004273504,0.059322034,0.004255319,0.004255319,0,0.033898305,0.008474576,0.084745763,0.076271186,0,0.046610169,Monomer
0.004273504,0,0.004273504,0,0.004255319,0,0.008510638,0.004255319,0,0.004273504,0.063559322,0.004255319,0.004255319,0,0.033898305,0.008474576,0.084745763,0.076271186,0,0.038135593,Monomer
0,0,0,0,0.008658009,0,0.004329004,0.004329004,0.012987013,0.004347826,0.073275862,0.004329004,0.008658009,0,0.043103448,0.021551724,0.086206897,0.056034483,0.00862069,0.047413793,Monomer
0,0,0,0,0,0.004237288,0,0.004219409,0.008438819,0,0.067226891,0.004219409,0.008438819,0.004237288,0.029411765,0.029411765,0.067226891,0.075630252,0.008403361,0.029411765,Monomer
0,0,0,0,0,0.004237288,0,0.004219409,0.008438819,0,0.058823529,0.004219409,0.004219409,0,0.025210084,0.029411765,0.067226891,0.075630252,0.004201681,0.042016807,Monomer
0,0,0.00462963,0,0,0.00462963,0,0,0.004608295,0,0.064220183,0.004608295,0,0,0.032110092,0.02293578,0.082568807,0.041284404,0.009174312,0.050458716,Monomer
0,0,0.00462963,0,0,0.00462963,0,0,0.004608295,0,0.064220183,0.004608295,0,0,0.036697248,0.02293578,0.077981651,0.041284404,0.009174312,0.055045872,Monomer
0,0,0.00462963,0,0,0.00462963,0,0,0.004608295,0,0.064220183,0.004608295,0,0,0.036697248,0.027522936,0.077981651,0.041284404,0.009174312,0.050458716,Monomer
0,0,0,0,0.004219409,0.004237288,0,0.004219409,0.008438819,0,0.06302521,0.004219409,0.004219409,0,0.033613445,0.037815126,0.071428571,0.075630252,0.016806723,0.042016807,Monomer
0,0,0.00462963,0,0,0.00462963,0,0,0.004608295,0,0.064220183,0.004608295,0,0,0.036697248,0.02293578,0.096330275,0.04587156,0.004587156,0.055045872,Monomer
0.004273504,0,0.004273504,0,0,0,0.004255319,0,0.004255319,0.004273504,0.055084746,0.004255319,0,0,0.038135593,0.025423729,0.097457627,0.055084746,0,0.042372881,Monomer
0,0,0,0,0.00390625,0,0.00390625,0.00390625,0.00390625,0,0.035019455,0,0.00390625,0,0.042801556,0.027237354,0.058365759,0.085603113,0.023346304,0.046692607,Monomer
0,0,0.002155172,0,0,0.004310345,0,0.004301075,0.008602151,0,0.066523605,0.006451613,0.006451613,0,0.027896996,0.034334764,0.066523605,0.075107296,0.008583691,0.038626609,Monomer
0,0,0.004219409,0,0,0.004219409,0.008403361,0.004201681,0.004201681,0,0.058577406,0.008403361,0.004201681,0,0.029288703,0.037656904,0.071129707,0.079497908,0.008368201,0.046025105,Monomer
0,0.012345679,0.004132231,0,0,0,0.004115226,0,0,0,0.077868852,0.004115226,0.004115226,0.004132231,0.036885246,0.028688525,0.081967213,0.045081967,0.024590164,0.040983607,Monomer
0,0.004347826,0,0.004347826,0,0,0.013043478,0,0,0,0.077922078,0.004347826,0.004347826,0.004366812,0.025974026,0.034632035,0.073593074,0.034632035,0.017316017,0.043290043,Monomer
0,0.004329004,0,0,0,0,0.012987013,0,0,0,0.064655172,0,0,0.004347826,0.051724138,0.030172414,0.068965517,0.038793103,0.012931034,0.043103448,Monomer
0,0,0,0,0.00896861,0,0,0.004484305,0,0,0.044642857,0,0.00896861,0,0.040178571,0.026785714,0.066964286,0.066964286,0.013392857,0.053571429,Monomer
0,0,0.00462963,0,0,0.00462963,0,0,0.004608295,0,0.064220183,0.004608295,0,0,0.036697248,0.027522936,0.096330275,0.04587156,0.009174312,0.050458716,Monomer
0,0.012396694,0,0,0,0,0.008264463,0,0,0,0.082304527,0.004132231,0.004132231,0,0.04526749,0.028806584,0.074074074,0.041152263,0.016460905,0.049382716,Monomer
0.004366812,0,0,0,0,0,0.004347826,0,0.004347826,0.004366812,0.056277056,0.004347826,0,0,0.038961039,0.034632035,0.0995671,0.060606061,0,0.043290043,Monomer
0,0,0.004273504,0,0,0,0.004255319,0,0.004255319,0.004273504,0.046610169,0,0,0,0.033898305,0.029661017,0.101694915,0.063559322,0.004237288,0.046610169,Monomer
0.004273504,0,0.004273504,0,0,0,0.004255319,0,0.004255319,0.004273504,0.050847458,0.004255319,0,0,0.038135593,0.033898305,0.097457627,0.059322034,0,0.042372881,Monomer
0.004273504,0,0.004273504,0,0,0,0.004255319,0.004255319,0.004255319,0.004273504,0.055084746,0.004255319,0,0,0.038135593,0.029661017,0.097457627,0.059322034,0,0.042372881,Monomer
0.004273504,0,0.004273504,0,0,0,0.004255319,0.004255319,0.004255319,0.004273504,0.063559322,0.004255319,0,0,0.033898305,0.029661017,0.101694915,0.059322034,0,0.042372881,Monomer
0.004273504,0,0.004273504,0,0,0,0.004255319,0.004255319,0.004255319,0.004273504,0.055084746,0.004255319,0,0,0.038135593,0.029661017,0.101694915,0.059322034,0,0.046610169,Monomer
0,0,0,0,0,0,0.004464286,0,0.004464286,0.004484305,0.053333333,0.004464286,0,0,0.04,0.031111111,0.097777778,0.062222222,0,0.057777778,Monomer
0,0,0.004273504,0,0,0,0.004255319,0,0.004255319,0.004273504,0.050847458,0.004255319,0,0,0.033898305,0.029661017,0.097457627,0.059322034,0,0.046610169,Monomer
0,0,0.004273504,0,0,0,0.004255319,0,0.004255319,0.004273504,0.055084746,0.004255319,0,0,0.029661017,0.029661017,0.097457627,0.059322034,0,0.046610169,Monomer
0.004464286,0,0.004464286,0,0,0,0.004444444,0,0.004444444,0.004464286,0.057522124,0.004444444,0,0,0.044247788,0.03539823,0.101769912,0.057522124,0,0.048672566,Monomer
0.004464286,0,0.004464286,0,0,0,0.004444444,0,0.004444444,0.004464286,0.057522124,0.004444444,0,0,0.044247788,0.030973451,0.101769912,0.057522124,0,0.048672566,Monomer
0.004464286,0,0.004464286,0,0,0,0.004444444,0,0.004444444,0.004464286,0.057522124,0.004444444,0,0,0.044247788,0.030973451,0.101769912,0.057522124,0,0.048672566,Monomer
0,0.004149378,0.004166667,0.004149378,0,0.004166667,0.004149378,0.004149378,0.008298755,0,0.053719008,0,0.004149378,0,0.037190083,0.037190083,0.066115702,0.045454545,0.016528926,0.033057851,Monomer
0,0.004504505,0,0.004504505,0,0.004524887,0.004504505,0.004504505,0.009009009,0,0.058295964,0,0.004504505,0,0.035874439,0.040358744,0.071748879,0.049327354,0.01793722,0.035874439,Monomer
0,0,0,0,0,0.004366812,0.004347826,0.004347826,0.008695652,0,0.064935065,0.008695652,0.004347826,0,0.03030303,0.03030303,0.064935065,0.073593074,0.008658009,0.038961039,Monomer
0,0.012295082,0,0.004098361,0,0,0.008196721,0,0,0,0.07755102,0.004098361,0.004098361,0.004115226,0.040816327,0.028571429,0.073469388,0.040816327,0.016326531,0.044897959,Monomer
0,0.012295082,0,0.004098361,0,0,0.008196721,0,0,0,0.07755102,0.004098361,0.004098361,0.004115226,0.040816327,0.028571429,0.073469388,0.040816327,0.020408163,0.040816327,Monomer
0,0.004201681,0.004219409,0,0,0.004219409,0,0.004201681,0.008403361,0,0.062761506,0.008403361,0.004201681,0,0.029288703,0.033472803,0.066945607,0.075313808,0.008368201,0.037656904,Monomer
0,0,0.004273504,0,0,0,0.004255319,0,0.004255319,0.004273504,0.055084746,0.004255319,0,0,0.038135593,0.029661017,0.101694915,0.063559322,0.008474576,0.046610169,Monomer
0,0.012295082,0,0.004098361,0,0,0.008196721,0,0,0,0.07755102,0.004098361,0.004098361,0.004115226,0.040816327,0.028571429,0.07755102,0.040816327,0.016326531,0.040816327,Monomer
0,0.012295082,0,0.004098361,0,0,0.008196721,0,0,0,0.07755102,0.004098361,0.004098361,0.004115226,0.040816327,0.028571429,0.073469388,0.044897959,0.016326531,0.040816327,Monomer
0,0,0,0,0.009009009,0,0.004504505,0.004504505,0.004504505,0,0.031390135,0,0.004504505,0,0.035874439,0.022421525,0.071748879,0.071748879,0.01793722,0.053811659,Monomer
0,0.012295082,0,0.004098361,0,0,0.008196721,0,0,0,0.07755102,0.004098361,0.004098361,0.004115226,0.040816327,0.028571429,0.073469388,0.044897959,0.016326531,0.044897959,Monomer
0,0.012295082,0,0.004098361,0,0,0.008196721,0,0,0,0.081632653,0.004098361,0.004098361,0.004115226,0.040816327,0.028571429,0.073469388,0.044897959,0.016326531,0.040816327,Monomer
0,0.012295082,0,0.004098361,0,0,0.008196721,0,0,0,0.07755102,0.004098361,0.004098361,0.004115226,0.040816327,0.028571429,0.073469388,0.044897959,0.016326531,0.040816327,Monomer
0,0.012987013,0,0,0.004329004,0,0.004329004,0,0,0,0.077586207,0.004329004,0.004329004,0.004347826,0.034482759,0.030172414,0.077586207,0.043103448,0.012931034,0.038793103,Monomer
0,0.012875536,0,0,0,0,0.008583691,0,0,0,0.085470085,0.004291845,0.004291845,0.004310345,0.034188034,0.02991453,0.081196581,0.042735043,0.012820513,0.047008547,Monomer
0.004132231,0,0,0,0,0,0.004115226,0,0.004115226,0.004132231,0.06147541,0.004115226,0,0,0.032786885,0.028688525,0.098360656,0.057377049,0.004098361,0.040983607,Monomer
0.004132231,0,0,0,0,0,0.004115226,0,0.004115226,0.004132231,0.053278689,0.004115226,0,0,0.028688525,0.028688525,0.098360656,0.057377049,0.004098361,0.045081967,Monomer
0.004132231,0,0,0,0,0,0.004115226,0,0.004115226,0.004132231,0.053278689,0.004115226,0,0,0.028688525,0.028688525,0.098360656,0.057377049,0.004098361,0.045081967,Monomer
0,0,0,0,0.008474576,0,0.004237288,0.004237288,0.004237288,0,0.033755274,0,0.004237288,0,0.037974684,0.021097046,0.067510549,0.071729958,0.021097046,0.050632911,Monomer
0,0,0,0,0.008474576,0,0.004237288,0.004237288,0.004237288,0,0.033755274,0,0.004237288,0,0.037974684,0.021097046,0.067510549,0.071729958,0.021097046,0.050632911,Monomer
0,0.004219409,0,0,0,0,0,0.004219409,0.008438819,0,0.071428571,0.004219409,0.008438819,0.004237288,0.025210084,0.029411765,0.06302521,0.071428571,0.008403361,0.046218487,Monomer
0,0.004219409,0,0,0,0,0,0.004219409,0.008438819,0,0.071428571,0.004219409,0.008438819,0.004237288,0.025210084,0.029411765,0.067226891,0.071428571,0.008403361,0.046218487,Monomer
0,0.004219409,0,0,0,0,0,0.004219409,0.008438819,0,0.071428571,0.004219409,0.008438819,0.004237288,0.025210084,0.029411765,0.067226891,0.071428571,0.008403361,0.046218487,Monomer
0,0,0.004273504,0,0.004255319,0,0.008510638,0.004255319,0.008510638,0,0.06779661,0.004255319,0.004255319,0,0.025423729,0.012711864,0.076271186,0.072033898,0.008474576,0.046610169,Monomer
0,0,0.004273504,0,0.004255319,0,0.008510638,0.004255319,0.008510638,0,0.063559322,0.004255319,0.004255319,0,0.029661017,0.012711864,0.080508475,0.06779661,0.008474576,0.042372881,Monomer
0,0,0.004115226,0,0,0.004115226,0,0.004098361,0.008196721,0,0.065306122,0.008196721,0.008196721,0,0.024489796,0.032653061,0.065306122,0.073469388,0.008163265,0.040816327,Monomer
0,0,0.00462963,0,0,0.00462963,0,0,0.004608295,0,0.064220183,0.004608295,0,0,0.036697248,0.02293578,0.096330275,0.04587156,0.009174312,0.050458716,Monomer
0,0,0,0,0.004329004,0,0.004329004,0.004329004,0.008658009,0.004347826,0.051724138,0.004329004,0.012987013,0,0.043103448,0.017241379,0.060344828,0.073275862,0.012931034,0.051724138,Monomer
0,0,0,0.004464286,0.004464286,0,0.008928571,0.004464286,0.008928571,0,0.044444444,0,0.004464286,0,0.048888889,0.026666667,0.053333333,0.075555556,0.017777778,0.044444444,Monomer
0,0,0,0.004464286,0.004464286,0,0.008928571,0.004464286,0.008928571,0,0.048888889,0,0.004464286,0,0.044444444,0.026666667,0.053333333,0.075555556,0.017777778,0.044444444,Monomer
0,0.012820513,0,0.004273504,0,0,0.008547009,0,0,0,0.085106383,0.004273504,0.004273504,0.004291845,0.038297872,0.029787234,0.076595745,0.042553191,0.017021277,0.046808511,Monomer
0,0.012820513,0,0.004273504,0,0,0.008547009,0,0,0,0.080851064,0.004273504,0.004273504,0.004291845,0.038297872,0.029787234,0.072340426,0.042553191,0.017021277,0.068085106,Monomer
0,0.012820513,0,0.004273504,0,0,0.008547009,0,0,0,0.080851064,0.004273504,0.004273504,0.004291845,0.038297872,0.029787234,0.072340426,0.042553191,0.021276596,0.068085106,Monomer
0,0.012820513,0,0.004273504,0,0,0.008547009,0,0,0,0.080851064,0.004273504,0.004273504,0.004291845,0.038297872,0.029787234,0.072340426,0.042553191,0.021276596,0.063829787,Monomer
0,0.012711864,0,0.004237288,0,0,0.008474576,0,0,0,0.084388186,0.004237288,0.004237288,0.004255319,0.037974684,0.029535865,0.080168776,0.042194093,0.016877637,0.042194093,Monomer
0,0.004347826,0,0,0.008695652,0,0.004347826,0.004347826,0.008695652,0.004366812,0.060606061,0.008695652,0.008695652,0,0.034632035,0.025974026,0.069264069,0.056277056,0.012987013,0.043290043,Monomer
0,0.004347826,0,0,0.008695652,0,0.004347826,0.004347826,0.008695652,0.004366812,0.060606061,0.008695652,0.008695652,0,0.034632035,0.025974026,0.069264069,0.056277056,0.012987013,0.038961039,Monomer
0,0,0.004,0,0,0.004,0,0.003984064,0.007968127,0,0.05952381,0.003984064,0.007968127,0.004,0.027777778,0.027777778,0.063492063,0.079365079,0.007936508,0.035714286,Monomer
0,0,0.004219409,0,0,0.004219409,0,0.004201681,0.008403361,0,0.066945607,0.008403361,0.008403361,0,0.020920502,0.033472803,0.066945607,0.075313808,0.012552301,0.041841004,Monomer
0,0,0.004219409,0,0,0.004219409,0,0.004201681,0.008403361,0,0.071129707,0.008403361,0.008403361,0,0.020920502,0.033472803,0.066945607,0.075313808,0.012552301,0.041841004,Monomer
0,0,0.004219409,0,0,0.004219409,0,0.004201681,0.008403361,0,0.062761506,0.008403361,0.004201681,0,0.020920502,0.033472803,0.066945607,0.075313808,0.012552301,0.041841004,Monomer
0,0,0.004219409,0,0,0.004219409,0,0.004201681,0.008403361,0,0.066945607,0.008403361,0.004201681,0,0.020920502,0.033472803,0.066945607,0.075313808,0.012552301,0.041841004,Monomer
0,0,0,0,0.004329004,0,0.004329004,0.004329004,0.008658009,0.004347826,0.051724138,0.004329004,0.012987013,0,0.043103448,0.017241379,0.060344828,0.073275862,0.012931034,0.056034483,Monomer
0,0,0,0,0.004329004,0,0.004329004,0.004329004,0.008658009,0.004347826,0.051724138,0.004329004,0.012987013,0,0.043103448,0.017241379,0.060344828,0.073275862,0.012931034,0.051724138,Monomer
0.004273504,0,0.004273504,0,0,0,0.004255319,0,0.004255319,0.004273504,0.059322034,0.004255319,0,0,0.042372881,0.025423729,0.101694915,0.050847458,0,0.042372881,Monomer
0,0.012295082,0,0.004098361,0,0,0.004098361,0,0,0,0.07755102,0.004098361,0.004098361,0.004115226,0.040816327,0.028571429,0.073469388,0.040816327,0.016326531,0.040816327,Monomer
0,0.012295082,0,0.004098361,0,0,0.008196721,0,0,0,0.073469388,0.004098361,0.004098361,0.004115226,0.040816327,0.028571429,0.073469388,0.040816327,0.016326531,0.044897959,Monomer
0.004310345,0,0,0,0,0,0.004291845,0,0.004291845,0.004310345,0.055555556,0.004291845,0,0,0.042735043,0.02991453,0.098290598,0.055555556,0,0.047008547,Monomer
0.004310345,0,0,0,0,0,0.004291845,0,0.004291845,0.004310345,0.051282051,0.004291845,0,0,0.042735043,0.02991453,0.098290598,0.055555556,0.004273504,0.051282051,Monomer
0.004310345,0,0,0,0,0,0.004291845,0,0.004291845,0.004310345,0.051282051,0.004291845,0,0,0.042735043,0.02991453,0.098290598,0.055555556,0.004273504,0.047008547,Monomer
0.004310345,0,0,0,0,0,0.004291845,0,0.004291845,0.004310345,0.051282051,0.004291845,0,0,0.042735043,0.02991453,0.102564103,0.055555556,0.004273504,0.047008547,Monomer
0,0,0.004115226,0,0,0.004115226,0,0.004098361,0.008196721,0,0.065306122,0.008196721,0.004098361,0,0.024489796,0.032653061,0.065306122,0.07755102,0.008163265,0.036734694,Monomer
0,0,0.004115226,0,0,0.004115226,0,0.004098361,0.008196721,0,0.065306122,0.008196721,0.004098361,0,0.024489796,0.032653061,0.065306122,0.07755102,0.008163265,0.040816327,Monomer
0,0,0.004115226,0,0,0.004115226,0,0.004098361,0.008196721,0,0.065306122,0.008196721,0.004098361,0,0.024489796,0.032653061,0.065306122,0.07755102,0.008163265,0.040816327,Monomer
0.004273504,0.004255319,0.004273504,0,0,0,0.004255319,0,0.004255319,0.004273504,0.059322034,0.004255319,0,0,0.033898305,0.021186441,0.101694915,0.050847458,0,0.042372881,Monomer
0,0.004237288,0.004255319,0,0,0,0.012711864,0,0,0,0.063291139,0,0,0.004255319,0.046413502,0.029535865,0.080168776,0.042194093,0.012658228,0.033755274,Monomer
0,0.012987013,0.004347826,0,0.004329004,0,0.008658009,0,0,0,0.090517241,0.004329004,0.004329004,0.004347826,0.034482759,0.025862069,0.081896552,0.047413793,0.017241379,0.056034483,Monomer
0.004273504,0,0.004273504,0,0,0,0.004255319,0,0.004255319,0.004273504,0.055084746,0,0,0,0.038135593,0.029661017,0.101694915,0.059322034,0,0.038135593,Monomer
0,0,0.003891051,0,0,0.003891051,0.003875969,0.003875969,0.007751938,0,0.054054054,0.003875969,0.003875969,0.003891051,0.027027027,0.030888031,0.061776062,0.069498069,0.007722008,0.034749035,Monomer
0,0,0.004273504,0,0,0,0,0,0,0,0.088983051,0.008510638,0.008510638,0,0.029661017,0.038135593,0.050847458,0.055084746,0.004237288,0.059322034,Monomer
0,0,0.004255319,0,0,0,0,0,0,0,0.046413502,0.004237288,0.004237288,0,0.029535865,0.033755274,0.075949367,0.050632911,0.033755274,0.037974684,Monomer
0,0,0.004255319,0,0,0,0,0,0,0,0.046413502,0.004237288,0.004237288,0,0.029535865,0.033755274,0.075949367,0.050632911,0.029535865,0.037974684,Monomer
0,0.012711864,0.004255319,0.004237288,0,0,0.008474576,0,0,0,0.075949367,0.004237288,0.004237288,0.004255319,0.037974684,0.029535865,0.080168776,0.042194093,0.016877637,0.046413502,Monomer
0,0,0,0,0,0,0,0,0,0,0.037313433,0,0,0,0.111940299,0.02238806,0.059701493,0.037313433,0,0.044776119,Monomer
0,0.008733624,0,0,0,0,0.004366812,0,0,0,0.091304348,0,0.004366812,0.004385965,0.039130435,0.034782609,0.082608696,0.043478261,0.026086957,0.039130435,Monomer
0,0.008230453,0.004132231,0,0,0,0.004115226,0,0,0,0.077868852,0,0.004115226,0.004132231,0.036885246,0.028688525,0.081967213,0.045081967,0.024590164,0.036885246,Monomer
0,0.008230453,0.004132231,0,0,0,0.004115226,0.004115226,0,0,0.081967213,0,0.004115226,0.004132231,0.036885246,0.028688525,0.081967213,0.045081967,0.024590164,0.036885246,Monomer
0,0,0.004219409,0,0,0.004219409,0,0.004201681,0.008403361,0,0.075313808,0.008403361,0.004201681,0.004219409,0.025104603,0.033472803,0.066945607,0.075313808,0.008368201,0.037656904,Monomer
0,0,0.00456621,0,0,0.00456621,0,0,0.004545455,0,0.063348416,0.004545455,0,0,0.036199095,0.022624434,0.081447964,0.040723982,0.009049774,0.054298643,Monomer
0.004310345,0,0,0,0,0,0.004291845,0,0.004291845,0.004310345,0.05982906,0.004291845,0,0,0.042735043,0.02991453,0.102564103,0.055555556,0,0.042735043,Monomer
0.004464286,0,0.004464286,0,0,0,0.004444444,0,0.004444444,0.004464286,0.057522124,0.004444444,0,0,0.044247788,0.030973451,0.10619469,0.057522124,0,0.048672566,Monomer
0,0.008510638,0,0,0.004255319,0.008547009,0.004255319,0.004255319,0.008510638,0,0.059322034,0.004255319,0.008510638,0,0.038135593,0.025423729,0.076271186,0.063559322,0.012711864,0.038135593,Monomer
0,0.004545455,0,0.004545455,0,0.00456621,0.004545455,0.004545455,0.013636364,0.00456621,0.07239819,0.004545455,0.004545455,0,0.036199095,0.040723982,0.063348416,0.040723982,0.022624434,0.040723982,Monomer
0,0.004545455,0,0.004545455,0,0.00456621,0.004545455,0.004545455,0.013636364,0,0.067873303,0.004545455,0.004545455,0,0.036199095,0.040723982,0.063348416,0.040723982,0.022624434,0.040723982,Monomer
0,0.004237288,0,0,0,0,0,0,0,0,0.084388186,0.008474576,0,0,0.046413502,0.037974684,0.050632911,0.084388186,0.025316456,0.050632911,Monomer
0,0,0.004273504,0,0.004255319,0,0.008510638,0.004255319,0.008510638,0,0.06779661,0.004255319,0.004255319,0,0.033898305,0.012711864,0.080508475,0.072033898,0.008474576,0.038135593,Monomer
0,0.008403361,0.004219409,0,0.004201681,0.008438819,0.004201681,0.004201681,0.008403361,0,0.058577406,0,0.004201681,0,0.037656904,0.025104603,0.075313808,0.066945607,0.012552301,0.033472803,Monomer
0,0.008403361,0.004219409,0,0.004201681,0.008438819,0.004201681,0.004201681,0.008403361,0,0.058577406,0,0.004201681,0,0.037656904,0.025104603,0.075313808,0.066945607,0.012552301,0.037656904,Monomer
0,0.008403361,0.004219409,0,0.004201681,0.008438819,0.004201681,0.004201681,0.008403361,0,0.054393305,0,0.004201681,0,0.037656904,0.025104603,0.075313808,0.066945607,0.012552301,0.033472803,Monomer
0,0,0,0,0.004444444,0,0.004444444,0.004444444,0.008888889,0.004464286,0.053097345,0.004444444,0.013333333,0,0.044247788,0.017699115,0.061946903,0.075221239,0.013274336,0.057522124,Monomer
0,0,0,0,0.004444444,0,0.004444444,0.004444444,0.008888889,0.004464286,0.053097345,0.004444444,0.013333333,0,0.044247788,0.017699115,0.061946903,0.075221239,0.013274336,0.057522124,Monomer
0,0,0,0,0.004444444,0,0.004444444,0.004444444,0.004444444,0.004464286,0.053097345,0.004444444,0.013333333,0,0.044247788,0.017699115,0.057522124,0.075221239,0.013274336,0.053097345,Monomer
0,0,0,0,0.004444444,0,0.004444444,0.004444444,0.004444444,0.004464286,0.053097345,0.004444444,0.013333333,0,0.044247788,0.017699115,0.057522124,0.075221239,0.013274336,0.053097345,Monomer
0,0,0,0,0.004444444,0,0.004444444,0.004444444,0.004444444,0.004464286,0.053097345,0.004444444,0.013333333,0,0.044247788,0.017699115,0.057522124,0.075221239,0.017699115,0.053097345,Monomer
0,0,0,0,0.004444444,0,0.004444444,0.004444444,0.004444444,0.004464286,0.053097345,0.004444444,0.013333333,0,0.044247788,0.017699115,0.057522124,0.075221239,0.013274336,0.053097345,Monomer
0,0,0,0,0.004444444,0,0.004444444,0.004444444,0.004444444,0.004464286,0.053097345,0.004444444,0.013333333,0,0.044247788,0.017699115,0.061946903,0.075221239,0.013274336,0.053097345,Monomer
0,0,0,0,0.004444444,0,0.004444444,0.004444444,0.004444444,0.004464286,0.053097345,0.004444444,0.013333333,0,0.044247788,0.017699115,0.057522124,0.075221239,0.013274336,0.053097345,Monomer
0,0,0.004273504,0,0.004255319,0,0.008510638,0.004255319,0.008510638,0,0.06779661,0.004255319,0.004255319,0,0.033898305,0.012711864,0.080508475,0.072033898,0.008474576,0.042372881,Monomer
0,0,0.004273504,0,0.004255319,0,0.008510638,0.004255319,0.008510638,0,0.06779661,0.004255319,0.004255319,0,0.038135593,0.012711864,0.076271186,0.063559322,0.008474576,0.042372881,Monomer
0,0.012875536,0,0,0,0,0.008583691,0,0,0,0.085470085,0.004291845,0.004291845,0.004310345,0.034188034,0.02991453,0.081196581,0.042735043,0.012820513,0.051282051,Monomer
0,0,0.004219409,0,0,0.004219409,0,0.004201681,0.008403361,0,0.071129707,0.008403361,0.008403361,0,0.025104603,0.033472803,0.066945607,0.075313808,0,0.037656904,Monomer
0,0,0,0,0,0.004237288,0,0.004219409,0.008438819,0,0.06302521,0.004219409,0.004219409,0.004237288,0.029411765,0.029411765,0.067226891,0.075630252,0.008403361,0.033613445,Monomer
0,0,0,0.0041841,0,0,0.008368201,0.0041841,0.0041841,0,0.095833333,0.012552301,0.0041841,0,0.025,0.025,0.033333333,0.054166667,0.020833333,0.054166667,Oligomer
0,0,0,0.0041841,0,0,0.008368201,0.0041841,0.0041841,0,0.095833333,0.012552301,0.0041841,0,0.025,0.029166667,0.0375,0.054166667,0.020833333,0.05,Oligomer
0,0,0,0,0,0,0.004587156,0,0.004587156,0,0.0456621,0,0,0,0.03652968,0.03196347,0.086757991,0.054794521,0.00456621,0.02283105,Oligomer
0,0,0,0,0,0,0.004464286,0,0.004464286,0,0.044444444,0,0,0,0.04,0.031111111,0.084444444,0.053333333,0.004444444,0.022222222,Oligomer
0,0,0,0,0,0,0.004464286,0,0.004464286,0,0.044444444,0,0,0,0.044444444,0.031111111,0.084444444,0.053333333,0.004444444,0.022222222,Oligomer
0,0,0,0,0,0,0.004464286,0,0.004464286,0,0.044444444,0,0,0,0.04,0.031111111,0.088888889,0.053333333,0.004444444,0.022222222,Oligomer
0,0,0,0,0,0,0.004464286,0,0.004464286,0,0.044444444,0,0,0,0.04,0.031111111,0.084444444,0.053333333,0.004444444,0.022222222,Oligomer
0,0,0,0,0,0,0.004464286,0,0.004464286,0,0.044444444,0,0,0,0.04,0.031111111,0.084444444,0.053333333,0.004444444,0.022222222,Oligomer
0,0,0,0,0,0,0.004464286,0,0.004464286,0,0.044444444,0,0,0,0.04,0.031111111,0.084444444,0.053333333,0.004444444,0.022222222,Oligomer
0,0,0,0,0,0,0.004464286,0,0.004464286,0,0.044444444,0,0,0,0.04,0.031111111,0.084444444,0.053333333,0.004444444,0.022222222,Oligomer
0,0,0,0,0,0,0.004464286,0,0.004464286,0,0.044444444,0,0,0,0.04,0.031111111,0.084444444,0.053333333,0.004444444,0.022222222,Oligomer
0,0,0,0,0,0,0.004464286,0,0.004464286,0,0.048888889,0,0,0,0.04,0.031111111,0.084444444,0.053333333,0.004444444,0.022222222,Oligomer
0,0,0,0,0,0,0.004464286,0,0.004464286,0,0.044444444,0,0,0,0.044444444,0.031111111,0.084444444,0.053333333,0.004444444,0.022222222,Oligomer
0,0,0,0,0,0,0.004255319,0,0.004255319,0,0.042372881,0,0,0,0.042372881,0.029661017,0.080508475,0.050847458,0.004237288,0.021186441,Oligomer
0,0,0,0,0,0,0.004464286,0,0.004464286,0,0.044444444,0,0,0,0.04,0.031111111,0.084444444,0.053333333,0.004444444,0.022222222,Oligomer
0,0,0,0,0,0,0.008658009,0,0.004329004,0,0.073275862,0.004329004,0.008658009,0,0.030172414,0.025862069,0.077586207,0.038793103,0.030172414,0.060344828,Oligomer
0,0.008849558,0,0.004424779,0.004424779,0,0.004424779,0,0.008849558,0.004444444,0.070484581,0.008849558,0.008849558,0,0.04845815,0.017621145,0.079295154,0.044052863,0.026431718,0.061674009,Oligomer
0,0.004424779,0,0,0.004424779,0,0.004424779,0,0,0.004444444,0.061674009,0.004424779,0.008849558,0,0.044052863,0.022026432,0.070484581,0.044052863,0.030837004,0.057268722,Oligomer
0,0.004310345,0,0.004310345,0.004310345,0,0.012931034,0,0,0,0.068669528,0,0,0.004329004,0.038626609,0.030042918,0.072961373,0.0472103,0.017167382,0.034334764,Oligomer
0,0.004115226,0,0.004115226,0.004115226,0,0.012345679,0,0,0.004132231,0.069672131,0,0,0.004132231,0.040983607,0.028688525,0.069672131,0.045081967,0.016393443,0.032786885,Oligomer
0,0.004424779,0,0,0,0,0.004424779,0.004424779,0.008849558,0,0.04845815,0.004424779,0.008849558,0,0.035242291,0.022026432,0.052863436,0.074889868,0.013215859,0.044052863,Oligomer
0,0,0,0.004032258,0,0,0.004032258,0,0.004032258,0,0.048192771,0,0,0,0.032128514,0.02811245,0.084337349,0.0562249,0.004016064,0.044176707,Oligomer
0,0,0,0.004032258,0,0,0.008064516,0,0.004032258,0,0.040160643,0.004032258,0,0,0.032128514,0.032128514,0.084337349,0.060240964,0,0.052208835,Oligomer
0,0,0,0,0,0,0.004464286,0,0.004464286,0,0.04,0.004464286,0,0,0.035555556,0.035555556,0.088888889,0.057777778,0.004444444,0.031111111,Oligomer
0,0,0,0.004032258,0,0,0.004032258,0,0.004032258,0,0.040160643,0.004032258,0,0,0.032128514,0.032128514,0.084337349,0.060240964,0.004016064,0.048192771,Oligomer
0,0.004545455,0,0.004545455,0,0.00456621,0.004545455,0,0.013636364,0,0.067873303,0,0.004545455,0,0.027149321,0.040723982,0.063348416,0.040723982,0.022624434,0.036199095,Oligomer
0,0.004545455,0,0.004545455,0,0.00456621,0.004545455,0,0.013636364,0,0.067873303,0,0.004545455,0,0.027149321,0.040723982,0.063348416,0.040723982,0.022624434,0.036199095,Oligomer
0,0,0,0.004464286,0.004464286,0,0,0.004464286,0.004464286,0,0.062222222,0.004464286,0.004464286,0,0.044444444,0.031111111,0.057777778,0.071111111,0.017777778,0.044444444,Oligomer
0,0,0,0,0,0,0.004329004,0,0,0,0.077586207,0.004329004,0.012987013,0,0.030172414,0.025862069,0.081896552,0.038793103,0.034482759,0.047413793,Oligomer
0,0,0,0,0,0,0.00896861,0,0.004484305,0,0.026785714,0,0,0,0.089285714,0.044642857,0.0625,0.0625,0,0.044642857,Oligomer
0,0,0,0,0,0,0.004347826,0,0,0,0.043290043,0,0.004347826,0,0.025974026,0.03030303,0.060606061,0.051948052,0.034632035,0.051948052,Oligomer
0,0,0,0.0041841,0,0,0.008368201,0.0041841,0.0041841,0,0.095833333,0.012552301,0.0041841,0,0.025,0.020833333,0.0375,0.054166667,0.020833333,0.054166667,Oligomer
0,0,0,0.0041841,0,0,0.008368201,0.0041841,0.0041841,0,0.1,0.012552301,0.0041841,0,0.025,0.020833333,0.0375,0.054166667,0.020833333,0.054166667,Oligomer
0,0,0,0.0041841,0,0,0.008368201,0.0041841,0.0041841,0,0.095833333,0.012552301,0.0041841,0,0.025,0.020833333,0.033333333,0.054166667,0.020833333,0.054166667,Oligomer
0,0,0,0.0041841,0,0,0.008368201,0.0041841,0.0041841,0,0.1,0.012552301,0.0041841,0,0.025,0.025,0.033333333,0.054166667,0.020833333,0.054166667,Oligomer
0,0,0,0,0,0,0.008658009,0,0.004329004,0,0.077586207,0.004329004,0.008658009,0,0.030172414,0.025862069,0.077586207,0.038793103,0.030172414,0.056034483,Oligomer
0,0,0,0,0,0,0.008658009,0,0.004329004,0,0.077586207,0.004329004,0.008658009,0,0.030172414,0.025862069,0.077586207,0.038793103,0.030172414,0.051724138,Oligomer
0,0,0,0,0.004424779,0,0.004424779,0.004424779,0.004424779,0,0.052863436,0,0.008849558,0,0.044052863,0.026431718,0.066079295,0.061674009,0.013215859,0.039647577,Oligomer
0,0,0,0,0.004424779,0,0.004424779,0.004424779,0.008849558,0,0.052863436,0.004424779,0.008849558,0,0.039647577,0.026431718,0.066079295,0.057268722,0.013215859,0.044052863,Oligomer
0,0,0,0.004347826,0,0,0.004347826,0,0,0,0.060606061,0.004347826,0.008695652,0,0.034632035,0.034632035,0.077922078,0.034632035,0.034632035,0.056277056,Oligomer
0,0,0,0,0,0,0.004347826,0,0,0,0.064935065,0.004347826,0.008695652,0,0.034632035,0.034632035,0.082251082,0.038961039,0.03030303,0.060606061,Oligomer
0,0,0,0,0,0,0.004464286,0.004464286,0,0,0.044444444,0.008928571,0.004464286,0,0.026666667,0.026666667,0.062222222,0.048888889,0.008888889,0.044444444,Oligomer
0,0.004524887,0.004545455,0.004524887,0,0.004545455,0.004524887,0.004524887,0.013574661,0,0.063063063,0,0.004524887,0,0.031531532,0.036036036,0.063063063,0.04954955,0.018018018,0.036036036,Oligomer
0,0,0,0,0.004524887,0,0,0.004524887,0,0,0.067567568,0.009049774,0,0,0.027027027,0.022522523,0.054054054,0.054054054,0.009009009,0.031531532,Oligomer
0,0.004464286,0,0,0,0,0.004464286,0.004464286,0.008928571,0,0.057777778,0.004464286,0.008928571,0,0.04,0.017777778,0.057777778,0.066666667,0.013333333,0.044444444,Oligomer
0,0,0,0.004347826,0.004347826,0,0.004347826,0.004347826,0.008695652,0,0.056277056,0,0.013043478,0,0.03030303,0.012987013,0.060606061,0.073593074,0.012987013,0.051948052,Oligomer
0,0,0,0,0.008474576,0,0.004237288,0.004237288,0.004237288,0,0.037974684,0,0.004237288,0,0.037974684,0.021097046,0.067510549,0.071729958,0.016877637,0.046413502,Oligomer
0,0,0,0,0.0078125,0,0.00390625,0.00390625,0.00390625,0,0.038910506,0,0.00390625,0,0.038910506,0.027237354,0.062256809,0.085603113,0.015564202,0.046692607,Oligomer
0,0,0,0,0.0078125,0,0.00390625,0.00390625,0.00390625,0,0.038910506,0,0.00390625,0,0.038910506,0.027237354,0.062256809,0.085603113,0.015564202,0.046692607,Oligomer
0,0.004115226,0,0.004115226,0.004115226,0,0.012345679,0,0,0,0.06147541,0,0,0.004132231,0.045081967,0.028688525,0.069672131,0.045081967,0.016393443,0.032786885,Oligomer
0,0.004115226,0,0.004115226,0.004115226,0,0.012345679,0,0,0,0.06147541,0,0,0.004132231,0.040983607,0.028688525,0.069672131,0.049180328,0.016393443,0.032786885,Oligomer
0,0.004115226,0,0.004115226,0,0,0.012345679,0,0,0,0.06147541,0,0,0.004132231,0.040983607,0.028688525,0.069672131,0.049180328,0.016393443,0.036885246,Oligomer
0,0.004115226,0,0.004115226,0,0,0.012345679,0,0,0,0.06147541,0,0,0.004132231,0.040983607,0.028688525,0.069672131,0.049180328,0.020491803,0.032786885,Oligomer
0,0,0,0,0,0,0.00456621,0,0.00456621,0,0.054545455,0.00456621,0,0,0.027272727,0.027272727,0.081818182,0.05,0.004545455,0.027272727,Oligomer
0,0.008658009,0,0.004329004,0,0,0.004329004,0,0.012987013,0.004347826,0.064655172,0,0.008658009,0,0.021551724,0.021551724,0.073275862,0.051724138,0.025862069,0.034482759,Oligomer
0,0.008658009,0,0.004329004,0,0,0.004329004,0,0.012987013,0.004347826,0.064655172,0,0.008658009,0,0.021551724,0.017241379,0.073275862,0.051724138,0.025862069,0.034482759,Oligomer
0,0,0,0.004347826,0.004347826,0.004366812,0.013043478,0.004347826,0,0,0.073593074,0.008695652,0,0,0.025974026,0.034632035,0.069264069,0.043290043,0.012987013,0.047619048,Oligomer
0,0,0,0.004347826,0.004347826,0.004366812,0.008695652,0.004347826,0,0,0.064935065,0.004347826,0,0,0.025974026,0.034632035,0.069264069,0.043290043,0.012987013,0.056277056,Oligomer
0,0,0,0.004347826,0.004347826,0.004366812,0.008695652,0.004347826,0,0,0.064935065,0.004347826,0,0,0.021645022,0.034632035,0.064935065,0.043290043,0.012987013,0.056277056,Oligomer
0,0.008658009,0,0,0,0,0.012987013,0.004329004,0,0,0.068965517,0.004329004,0.004329004,0,0.021551724,0.025862069,0.056034483,0.060344828,0.030172414,0.043103448,Oligomer
0,0.004424779,0,0,0,0,0.008849558,0.004424779,0,0,0.079295154,0.004424779,0.008849558,0,0.022026432,0.030837004,0.070484581,0.04845815,0.030837004,0.035242291,Oligomer
0,0,0,0,0.004424779,0,0.004424779,0.004424779,0,0,0.070484581,0.004424779,0.008849558,0,0.04845815,0.035242291,0.066079295,0.052863436,0.013215859,0.044052863,Oligomer
0,0.004385965,0,0,0,0,0.00877193,0.00877193,0,0,0.052401747,0,0,0,0.056768559,0.034934498,0.061135371,0.061135371,0.008733624,0.052401747,Oligomer
0,0,0,0,0,0,0.008733624,0.004366812,0,0,0.091304348,0.004366812,0.013100437,0,0.026086957,0.030434783,0.060869565,0.056521739,0.030434783,0.034782609,Oligomer
0,0,0,0.004347826,0,0,0.008695652,0.004347826,0,0,0.064935065,0.008695652,0,0,0.017316017,0.03030303,0.064935065,0.034632035,0.012987013,0.051948052,Oligomer
0,0,0,0.004347826,0.004347826,0.004366812,0.013043478,0.004347826,0,0,0.051948052,0.004347826,0,0,0.03030303,0.038961039,0.069264069,0.038961039,0.012987013,0.047619048,Oligomer
0,0,0,0.004347826,0.004347826,0.004366812,0.013043478,0.004347826,0,0,0.056277056,0.004347826,0,0,0.025974026,0.043290043,0.064935065,0.038961039,0.012987013,0.051948052,Oligomer
0,0,0,0,0,0,0.004444444,0.004444444,0.004444444,0,0.061946903,0.004444444,0.004444444,0,0.044247788,0.022123894,0.057522124,0.057522124,0.008849558,0.061946903,Oligomer
0,0,0,0.004347826,0.004347826,0.004366812,0.013043478,0.004347826,0,0,0.056277056,0.004347826,0,0,0.025974026,0.034632035,0.064935065,0.043290043,0.012987013,0.051948052,Oligomer
0,0,0,0.004347826,0.004347826,0.004366812,0.013043478,0.004347826,0,0,0.056277056,0.004347826,0,0,0.025974026,0.034632035,0.069264069,0.038961039,0.012987013,0.056277056,Oligomer
0,0,0,0,0.004385965,0,0.00877193,0.004385965,0.004385965,0,0.056768559,0.004385965,0.004385965,0,0.03930131,0.017467249,0.061135371,0.069868996,0.008733624,0.052401747,Oligomer
0,0,0,0,0.004484305,0,0.004484305,0.004484305,0,0,0.040178571,0,0.004484305,0,0.03125,0.026785714,0.066964286,0.071428571,0.017857143,0.044642857,Oligomer
0,0,0,0,0,0,0.004405286,0.004405286,0.004405286,0,0.061403509,0,0.004405286,0,0.039473684,0.01754386,0.057017544,0.078947368,0.013157895,0.052631579,Oligomer
0,0.00456621,0,0,0.00456621,0.004587156,0,0.00456621,0,0,0.063636364,0.00913242,0,0,0.040909091,0.031818182,0.081818182,0.05,0.036363636,0.072727273,Oligomer
0,0,0,0,0.004484305,0,0.004484305,0.004484305,0.004484305,0,0.044642857,0,0.004484305,0,0.026785714,0.03125,0.0625,0.075892857,0.022321429,0.049107143,Oligomer
0,0,0,0.004464286,0.004464286,0,0,0.004464286,0.004464286,0,0.062222222,0.004464286,0.004464286,0,0.044444444,0.031111111,0.057777778,0.075555556,0.017777778,0.044444444,Oligomer
0,0,0,0,0,0,0.004310345,0.00862069,0,0,0.060085837,0.004310345,0,0,0.042918455,0.034334764,0.060085837,0.060085837,0.021459227,0.0472103,Oligomer
0,0.004366812,0,0,0.004366812,0,0.004366812,0.004366812,0.008733624,0,0.052173913,0,0.004366812,0,0.043478261,0.017391304,0.069565217,0.069565217,0.013043478,0.043478261,Oligomer
0,0,0,0,0.00456621,0,0.01826484,0.00456621,0.00456621,0,0.081818182,0.00456621,0.00456621,0,0.036363636,0.022727273,0.068181818,0.059090909,0.013636364,0.054545455,Oligomer
0,0,0,0,0.008928571,0,0,0.004464286,0.004464286,0,0.04,0,0.004464286,0,0.04,0.031111111,0.057777778,0.071111111,0.013333333,0.057777778,Oligomer
0,0,0,0.004484305,0,0,0.00896861,0.004484305,0.004484305,0,0.075892857,0.00896861,0.004484305,0,0.022321429,0.022321429,0.049107143,0.049107143,0.026785714,0.053571429,Oligomer
0,0,0,0,0,0,0.004291845,0.008583691,0,0,0.068376068,0.004291845,0.004291845,0,0.038461538,0.025641026,0.055555556,0.076923077,0.02991453,0.047008547,Oligomer
0,0,0,0,0,0.004366812,0.008695652,0,0.004347826,0,0.056277056,0,0.004347826,0,0.034632035,0.025974026,0.060606061,0.064935065,0.012987013,0.034632035,Oligomer
0,0.004464286,0,0,0,0,0.004464286,0.004464286,0.008928571,0,0.053333333,0.004464286,0.008928571,0,0.031111111,0.017777778,0.057777778,0.066666667,0.013333333,0.04,Oligomer
0,0,0,0,0.004444444,0,0.004444444,0.004444444,0.013333333,0,0.053097345,0.004444444,0.013333333,0,0.053097345,0.026548673,0.057522124,0.079646018,0.013274336,0.03539823,Oligomer
0,0,0,0,0.004366812,0,0.004366812,0.008733624,0.013100437,0,0.069565217,0.004366812,0.013100437,0,0.034782609,0.02173913,0.065217391,0.056521739,0.013043478,0.047826087,Oligomer
0,0,0,0.004424779,0,0,0.004424779,0,0,0,0.066079295,0.008849558,0.008849558,0,0.017621145,0.030837004,0.066079295,0.052863436,0.008810573,0.039647577,Oligomer
0,0.004545455,0,0.004545455,0,0.00456621,0.004545455,0.004545455,0.013636364,0,0.058823529,0,0.004545455,0,0.031674208,0.040723982,0.058823529,0.049773756,0.018099548,0.036199095,Oligomer
0,0.004545455,0,0,0,0.00456621,0.004545455,0,0.009090909,0,0.063348416,0,0.004545455,0,0.031674208,0.040723982,0.063348416,0.045248869,0.013574661,0.036199095,Oligomer
0,0,0,0.004545455,0,0.00456621,0.004545455,0,0.013636364,0,0.063348416,0,0.004545455,0,0.022624434,0.040723982,0.063348416,0.045248869,0.022624434,0.036199095,Oligomer
0,0.004545455,0,0.004545455,0,0.00456621,0.004545455,0,0.013636364,0,0.058823529,0,0.004545455,0,0.022624434,0.040723982,0.063348416,0.045248869,0.018099548,0.036199095,Oligomer
0,0.004545455,0,0.004545455,0,0.00456621,0.004545455,0,0.009090909,0,0.058823529,0,0.004545455,0,0.022624434,0.049773756,0.058823529,0.045248869,0.018099548,0.040723982,Oligomer
0,0.004545455,0,0.004545455,0,0.00456621,0.004545455,0,0.009090909,0,0.058823529,0,0.004545455,0,0.027149321,0.036199095,0.063348416,0.045248869,0.018099548,0.031674208,Oligomer
0,0.004545455,0,0.004545455,0,0.00456621,0.004545455,0.004545455,0.013636364,0,0.058823529,0,0.004545455,0,0.036199095,0.040723982,0.058823529,0.045248869,0.018099548,0.031674208,Oligomer
0,0,0,0,0,0.004504505,0,0,0,0,0.084821429,0.004484305,0.00896861,0,0.035714286,0.017857143,0.066964286,0.049107143,0.017857143,0.0625,Oligomer
0,0.004504505,0,0,0,0.004524887,0,0.004504505,0,0,0.053811659,0.004504505,0.009009009,0,0.035874439,0.022421525,0.076233184,0.053811659,0.022421525,0.062780269,Oligomer
0,0.004587156,0,0,0,0.004608295,0,0.004587156,0,0,0.059360731,0.004587156,0.009174312,0,0.03652968,0.02283105,0.068493151,0.059360731,0.01826484,0.063926941,Oligomer
0,0,0,0.004444444,0,0.004464286,0.004444444,0.004444444,0,0,0.061946903,0,0,0,0.044247788,0.026548673,0.07079646,0.053097345,0.022123894,0.057522124,Oligomer
0,0.004545455,0,0.004545455,0,0,0,0.004545455,0,0,0.049773756,0.009090909,0,0,0.036199095,0.031674208,0.067873303,0.045248869,0.027149321,0.049773756,Oligomer
0,0,0,0,0.004545455,0.00456621,0.013636364,0.004545455,0,0,0.081447964,0.009090909,0.009090909,0,0.027149321,0.049773756,0.067873303,0.036199095,0.040723982,0.045248869,Oligomer
0,0.004444444,0,0.004444444,0.004444444,0,0.004444444,0.004444444,0,0,0.061946903,0,0,0,0.030973451,0.030973451,0.07079646,0.048672566,0.030973451,0.044247788,Oligomer
0,0,0,0,0.004545455,0,0,0.004545455,0.004545455,0,0.067873303,0.009090909,0,0,0.027149321,0.027149321,0.063348416,0.058823529,0.027149321,0.049773756,Oligomer
0,0.004444444,0,0,0.004444444,0,0.004444444,0.004444444,0,0,0.061946903,0.004444444,0,0,0.03539823,0.03539823,0.066371681,0.048672566,0.030973451,0.057522124,Oligomer
0,0,0,0,0.004545455,0,0.004545455,0.004545455,0,0,0.090497738,0.009090909,0,0,0.036199095,0.054298643,0.049773756,0.054298643,0.027149321,0.040723982,Oligomer
0,0.004504505,0,0,0,0,0.004504505,0.009009009,0,0,0.049327354,0.004504505,0,0,0.044843049,0.040358744,0.067264574,0.049327354,0.004484305,0.044843049,Oligomer
0,0,0,0.004347826,0.004347826,0.004366812,0.013043478,0.004347826,0,0,0.056277056,0.004347826,0,0,0.025974026,0.034632035,0.064935065,0.038961039,0.012987013,0.051948052,Oligomer
0,0,0,0.004347826,0.004347826,0.004366812,0.008695652,0.004347826,0,0,0.069264069,0.004347826,0,0,0.03030303,0.03030303,0.073593074,0.043290043,0.012987013,0.043290043,Oligomer
0,0,0,0.004347826,0.004347826,0.004366812,0.013043478,0.004347826,0,0,0.069264069,0.004347826,0,0,0.025974026,0.03030303,0.069264069,0.038961039,0.012987013,0.043290043,Oligomer
0,0,0,0,0,0,0,0.004329004,0,0,0.056034483,0,0.008658009,0,0.034482759,0.030172414,0.060344828,0.060344828,0.025862069,0.060344828,Oligomer
0,0,0,0.004347826,0.004347826,0.004366812,0.008695652,0.004347826,0,0,0.064935065,0.004347826,0,0,0.025974026,0.03030303,0.069264069,0.043290043,0.012987013,0.051948052,Oligomer
0,0.004545455,0,0.004545455,0,0.00456621,0.004545455,0,0.013636364,0,0.054298643,0,0,0,0.027149321,0.040723982,0.063348416,0.045248869,0.022624434,0.040723982,Oligomer
0,0,0,0,0.004444444,0,0.004444444,0.004444444,0.008888889,0.004464286,0.053097345,0.004444444,0.013333333,0,0.044247788,0.017699115,0.057522124,0.075221239,0.013274336,0.053097345,Oligomer
0,0,0,0.009049774,0.009049774,0.004545455,0.004524887,0,0.004524887,0,0.09009009,0.004524887,0,0,0.036036036,0.018018018,0.063063063,0.036036036,0.009009009,0.045045045,Oligomer
0,0,0,0.009049774,0.009049774,0.004545455,0,0,0.004524887,0,0.085585586,0.004524887,0,0,0.040540541,0.018018018,0.063063063,0.031531532,0.009009009,0.04954955,Oligomer
0,0.004219409,0,0.004219409,0,0,0.012658228,0,0,0,0.075630252,0.004219409,0.004219409,0.004237288,0.025210084,0.033613445,0.071428571,0.033613445,0.016806723,0.042016807,Oligomer
0,0,0,0,0.004329004,0,0.004329004,0.004329004,0.008658009,0,0.051724138,0.004329004,0.012987013,0,0.043103448,0.017241379,0.060344828,0.073275862,0.012931034,0.051724138,Oligomer
0,0.0041841,0,0.0041841,0,0.004201681,0.0041841,0,0.012552301,0,0.070833333,0,0.0041841,0,0.033333333,0.0375,0.058333333,0.041666667,0.020833333,0.033333333,Oligomer
0,0.0041841,0,0.0041841,0,0.004201681,0.0041841,0,0.012552301,0,0.070833333,0,0.0041841,0,0.033333333,0.0375,0.058333333,0.041666667,0.020833333,0.033333333,Oligomer
0,0,0,0.004587156,0,0,0.004587156,0,0,0,0.095890411,0.004587156,0.009174312,0,0.02739726,0.0456621,0.04109589,0.050228311,0.00456621,0.054794521,Oligomer
0,0,0,0,0,0,0.004464286,0,0.004464286,0,0.057777778,0.004464286,0,0,0.026666667,0.035555556,0.084444444,0.053333333,0,0.035555556,Oligomer
0,0,0,0,0,0,0.004464286,0,0.004464286,0,0.053333333,0,0,0,0.026666667,0.035555556,0.084444444,0.053333333,0,0.017777778,Oligomer
0,0,0,0,0,0,0,0,0.004347826,0,0.073593074,0.004347826,0.008695652,0,0.034632035,0.025974026,0.082251082,0.038961039,0.03030303,0.056277056,Oligomer
0,0,0,0.004385965,0,0,0.00877193,0.004385965,0.004385965,0,0.100436681,0.013157895,0.004385965,0,0.021834061,0.021834061,0.03930131,0.056768559,0.021834061,0.056768559,Oligomer
0,0,0,0,0,0,0.004347826,0.004347826,0,0,0.043290043,0,0.013043478,0,0.034632035,0.03030303,0.060606061,0.064935065,0.034632035,0.060606061,Oligomer
0,0,0,0,0,0,0.004347826,0,0,0,0.043290043,0,0.004347826,0,0.025974026,0.03030303,0.060606061,0.051948052,0.034632035,0.051948052,Oligomer
0,0,0,0,0.00896861,0,0.004484305,0.004484305,0.004484305,0,0.035714286,0.004484305,0.004484305,0,0.035714286,0.022321429,0.071428571,0.071428571,0.017857143,0.053571429,Oligomer
0,0,0,0,0.007722008,0,0.003861004,0.003861004,0.007722008,0,0.034615385,0.003861004,0.003861004,0,0.038461538,0.026923077,0.057692308,0.080769231,0.011538462,0.05,Oligomer
0,0,0,0,0.00896861,0,0.004484305,0.004484305,0.00896861,0,0.035714286,0.004484305,0.004484305,0,0.035714286,0.022321429,0.066964286,0.071428571,0.013392857,0.053571429,Oligomer
0,0,0,0,0.00896861,0,0.004484305,0.004484305,0.00896861,0,0.040178571,0.004484305,0.004484305,0,0.035714286,0.022321429,0.066964286,0.071428571,0.013392857,0.049107143,Oligomer
0,0,0,0,0,0,0.004464286,0,0.004464286,0,0.048888889,0,0,0,0.04,0.031111111,0.084444444,0.053333333,0.004444444,0.026666667,Oligomer
0,0,0,0,0.004444444,0,0.004444444,0.004444444,0.008888889,0,0.053097345,0.004444444,0.013333333,0,0.044247788,0.017699115,0.061946903,0.075221239,0.013274336,0.053097345,Oligomer
0,0,0,0,0,0,0,0.004219409,0.008438819,0,0.058823529,0.004219409,0.004219409,0.004237288,0.025210084,0.033613445,0.067226891,0.075630252,0.008403361,0.037815126,Oligomer
0,0,0,0,0,0,0,0.004219409,0.008438819,0,0.058823529,0.004219409,0.004219409,0.004237288,0.025210084,0.033613445,0.067226891,0.075630252,0.012605042,0.033613445,Oligomer
0,0,0,0,0,0,0,0.004219409,0.008438819,0,0.058823529,0.004219409,0.004219409,0.004237288,0.025210084,0.033613445,0.067226891,0.075630252,0.008403361,0.033613445,Oligomer
0,0,0,0,0,0,0,0.004219409,0.008438819,0,0.06302521,0.004219409,0.004219409,0.004237288,0.025210084,0.033613445,0.067226891,0.075630252,0.008403361,0.033613445,Oligomer
0,0,0,0,0,0,0.004219409,0.004219409,0.008438819,0,0.058823529,0.004219409,0.004219409,0.004237288,0.025210084,0.033613445,0.067226891,0.075630252,0.008403361,0.033613445,Oligomer
0,0,0,0,0,0,0,0.004219409,0.008438819,0,0.058823529,0.004219409,0.004219409,0.004237288,0.025210084,0.033613445,0.067226891,0.075630252,0.008403361,0.033613445,Oligomer
0,0,0,0,0,0.004237288,0,0.004219409,0.008438819,0,0.058823529,0.004219409,0.004219409,0.004237288,0.029411765,0.029411765,0.067226891,0.075630252,0.008403361,0.037815126,Oligomer
0,0,0,0,0,0.004444444,0,0.004424779,0.008849558,0,0.057268722,0.004424779,0.004424779,0.004444444,0.030837004,0.030837004,0.066079295,0.074889868,0.008810573,0.039647577,Oligomer
0,0,0,0,0,0.004237288,0,0.004219409,0.008438819,0,0.06302521,0.004219409,0.004219409,0.004237288,0.029411765,0.029411765,0.067226891,0.075630252,0.008403361,0.033613445,Oligomer
0,0.008849558,0,0,0.004424779,0,0.004424779,0,0.004424779,0.004444444,0.074889868,0.008849558,0.008849558,0,0.052863436,0.017621145,0.079295154,0.044052863,0.030837004,0.057268722,Oligomer
0,0,0,0,0,0.004065041,0.004048583,0.004048583,0.008097166,0,0.068548387,0.008097166,0.004048583,0,0.040322581,0.028225806,0.060483871,0.068548387,0.008064516,0.036290323,Oligomer
0,0.008695652,0,0.004347826,0.004347826,0,0.004347826,0,0.004347826,0.004366812,0.069264069,0.008695652,0.008695652,0,0.047619048,0.017316017,0.077922078,0.043290043,0.025974026,0.060606061,Oligomer
0,0,0,0,0.004444444,0,0.004444444,0.004444444,0.008888889,0,0.048672566,0.004444444,0.013333333,0,0.044247788,0.017699115,0.061946903,0.075221239,0.013274336,0.053097345,Oligomer
0,0,0,0,0.004444444,0,0.004444444,0.004444444,0.008888889,0.004464286,0.057522124,0.004444444,0.013333333,0,0.044247788,0.017699115,0.061946903,0.075221239,0.013274336,0.053097345,Oligomer
0,0.004444444,0,0,0,0,0.004444444,0,0.004444444,0.004464286,0.057522124,0.004444444,0,0,0.039823009,0.039823009,0.088495575,0.057522124,0,0.03539823,Oligomer
0,0.004081633,0,0,0,0,0,0.004081633,0,0,0.073170732,0,0,0,0.028455285,0.024390244,0.044715447,0.073170732,0.024390244,0.044715447,Oligomer
0,0.003831418,0,0,0,0.003846154,0,0.011494253,0.003831418,0,0.080152672,0.003831418,0,0,0.045801527,0.030534351,0.072519084,0.057251908,0.022900763,0.041984733,Oligomer
0,0.004464286,0,0,0.004464286,0,0,0.008928571,0.004464286,0,0.053333333,0.004464286,0,0,0.04,0.022222222,0.066666667,0.057777778,0.013333333,0.04,Oligomer
0,0.004405286,0,0,0,0,0.004405286,0.008810573,0,0,0.043859649,0,0.004405286,0,0.043859649,0.026315789,0.065789474,0.065789474,0.035087719,0.052631579,Oligomer
0,0,0,0,0.004587156,0,0.009174312,0,0,0,0.073059361,0,0.004587156,0,0.0456621,0.01369863,0.073059361,0.050228311,0.00456621,0.03652968,Oligomer
0,0,0,0,0.004524887,0,0.013574661,0,0,0,0.067567568,0,0.004524887,0,0.045045045,0.013513514,0.067567568,0.031531532,0.004504505,0.04954955,Oligomer
0,0,0,0,0.004587156,0,0.009174312,0,0,0,0.073059361,0,0.004587156,0,0.0456621,0.01369863,0.073059361,0.050228311,0.00456621,0.03652968,Oligomer
0,0,0,0,0.004651163,0,0.009302326,0.004651163,0,0.004672897,0.046296296,0,0.004651163,0,0.032407407,0.013888889,0.083333333,0.069444444,0,0.037037037,Oligomer
0,0,0.004201681,0,0.008368201,0,0.008368201,0.0041841,0.0041841,0.004201681,0.045833333,0,0,0,0.029166667,0.016666667,0.083333333,0.066666667,0.004166667,0.0375,Oligomer
0,0,0,0.004608295,0,0,0.013824885,0,0,0,0.064220183,0.004608295,0,0,0.036697248,0.018348624,0.082568807,0.036697248,0.013761468,0.04587156,Oligomer
0,0.004524887,0.004545455,0.004524887,0,0.004545455,0.004524887,0.004524887,0.013574661,0.004545455,0.067567568,0,0.004524887,0,0.031531532,0.036036036,0.063063063,0.04954955,0.018018018,0.036036036,Oligomer
0,0.004524887,0.004545455,0.004524887,0,0.004545455,0.004524887,0.004524887,0.013574661,0.004545455,0.067567568,0,0.004524887,0,0.031531532,0.031531532,0.063063063,0.04954955,0.022522523,0.036036036,Oligomer
0,0,0,0,0,0.004132231,0,0.004115226,0.008230453,0,0.06147541,0.004115226,0.004115226,0.004132231,0.028688525,0.032786885,0.06557377,0.073770492,0.008196721,0.032786885,Oligomer
0,0,0,0,0,0.004237288,0,0.004219409,0.008438819,0,0.06302521,0.008438819,0.008438819,0,0.029411765,0.033613445,0.071428571,0.071428571,0.008403361,0.042016807,Oligomer
0,0,0.004219409,0,0,0.004219409,0,0.004201681,0.008403361,0,0.071129707,0.008403361,0.008403361,0,0.025104603,0.033472803,0.066945607,0.075313808,0.008368201,0.041841004,Oligomer
0,0.004115226,0,0.004115226,0.004115226,0,0.012345679,0,0,0,0.06147541,0,0,0.004132231,0.045081967,0.028688525,0.069672131,0.049180328,0.016393443,0.032786885,Oligomer
0,0.004115226,0,0.004115226,0.004115226,0,0.012345679,0,0,0,0.057377049,0,0,0.004132231,0.045081967,0.028688525,0.069672131,0.049180328,0.016393443,0.032786885,Oligomer
0,0.004115226,0,0.004115226,0,0,0.012345679,0,0,0,0.053278689,0,0,0.004132231,0.049180328,0.028688525,0.069672131,0.053278689,0.020491803,0.032786885,Oligomer
0,0.004219409,0,0.004219409,0,0,0.016877637,0,0,0,0.071428571,0.004219409,0.004219409,0.004237288,0.029411765,0.033613445,0.071428571,0.033613445,0.016806723,0.046218487,Oligomer
0,0.008547009,0,0.004273504,0,0,0.008547009,0,0,0,0.076595745,0.004273504,0.004273504,0.004291845,0.021276596,0.034042553,0.076595745,0.038297872,0.017021277,0.046808511,Oligomer
0,0.012345679,0.004132231,0.004115226,0,0,0.004115226,0,0,0,0.073770492,0.004115226,0.004115226,0.004132231,0.036885246,0.028688525,0.081967213,0.045081967,0.024590164,0.040983607,Oligomer
0,0,0.002227171,0,0,0.002227171,0,0.002222222,0.004444444,0,0.070953437,0.004444444,0.008888889,0,0.042128603,0.035476718,0.084257206,0.090909091,0.00443459,0.048780488,Oligomer
0,0,0,0,0.003952569,0,0,0.003952569,0,0,0.066929134,0.003952569,0.003952569,0,0.023622047,0.023622047,0.05511811,0.066929134,0.019685039,0.043307087,Oligomer
0,0,0.004504505,0,0.004484305,0,0,0.004484305,0,0,0.075892857,0.004484305,0.004484305,0.004504505,0.026785714,0.013392857,0.066964286,0.058035714,0.013392857,0.040178571,Oligomer
0,0.004237288,0,0,0,0,0,0,0,0,0.071729958,0.004237288,0,0,0.046413502,0.037974684,0.050632911,0.084388186,0.025316456,0.050632911,Oligomer
0,0.004237288,0,0,0,0,0,0,0,0,0.071729958,0.004237288,0,0,0.046413502,0.042194093,0.046413502,0.084388186,0.025316456,0.050632911,Oligomer
0,0.004237288,0,0,0,0,0,0,0,0,0.071729958,0.008474576,0,0,0.046413502,0.037974684,0.050632911,0.084388186,0.025316456,0.054852321,Oligomer
0,0.004237288,0,0,0,0,0,0,0,0,0.075949367,0.004237288,0,0,0.046413502,0.037974684,0.050632911,0.084388186,0.025316456,0.046413502,Oligomer
0,0.003875969,0,0,0,0,0,0,0,0,0.065637066,0.003875969,0,0,0.046332046,0.034749035,0.046332046,0.077220077,0.023166023,0.046332046,Oligomer
0,0,0,0.004608295,0,0,0.013824885,0,0,0,0.068807339,0.004608295,0,0,0.036697248,0.018348624,0.082568807,0.036697248,0.013761468,0.04587156,Oligomer
0,0,0,0.004608295,0,0,0.013824885,0,0,0,0.064220183,0.004608295,0,0,0.036697248,0.018348624,0.082568807,0.041284404,0.013761468,0.04587156,Oligomer
0,0,0,0.004608295,0,0,0.01843318,0,0,0,0.064220183,0.004608295,0,0,0.036697248,0.018348624,0.082568807,0.036697248,0.013761468,0.04587156,Oligomer
0,0,0,0,0,0.004237288,0,0.004219409,0.008438819,0,0.06302521,0.004219409,0.004219409,0.004237288,0.025210084,0.033613445,0.067226891,0.075630252,0.012605042,0.033613445,Oligomer
0,0.013043478,0,0.004347826,0,0,0.004347826,0,0,0,0.077922078,0.004347826,0.004347826,0.004366812,0.03030303,0.025974026,0.073593074,0.043290043,0.017316017,0.038961039,Oligomer
0,0,0,0,0.004273504,0,0.008547009,0.004273504,0,0,0.085106383,0.004273504,0.012820513,0,0.029787234,0.021276596,0.059574468,0.076595745,0.008510638,0.059574468,Oligomer
0,0,0,0,0,0.004237288,0,0.004219409,0.008438819,0,0.067226891,0.004219409,0.004219409,0.004237288,0.029411765,0.029411765,0.067226891,0.075630252,0.008403361,0.033613445,Oligomer
0,0,0,0.004464286,0.004464286,0,0.008928571,0.004464286,0.008928571,0,0.048888889,0,0.004464286,0,0.044444444,0.026666667,0.053333333,0.075555556,0.017777778,0.044444444,Oligomer
0,0,0,0.004464286,0.004464286,0,0.008928571,0.004464286,0.008928571,0,0.044444444,0,0.004464286,0,0.044444444,0.026666667,0.053333333,0.075555556,0.017777778,0.048888889,Oligomer
0,0,0,0,0.004273504,0,0.008547009,0.004273504,0,0,0.080851064,0.004273504,0.008547009,0,0.029787234,0.021276596,0.059574468,0.076595745,0.012765957,0.059574468,Oligomer
0,0,0,0,0.004273504,0,0.008547009,0.004273504,0,0,0.076595745,0.004273504,0.008547009,0,0.029787234,0.021276596,0.059574468,0.076595745,0.008510638,0.063829787,Oligomer
0,0,0,0.009049774,0.009049774,0,0.004524887,0,0.004524887,0,0.094594595,0.004524887,0,0,0.031531532,0.018018018,0.063063063,0.036036036,0.004504505,0.04954955,Oligomer
0,0.008888889,0,0.004444444,0,0.004464286,0.008888889,0,0,0,0.079646018,0.004444444,0.004444444,0.004464286,0.026548673,0.03539823,0.079646018,0.044247788,0.017699115,0.044247788,Oligomer
0,0.008695652,0,0.004347826,0,0.004366812,0.008695652,0,0,0,0.077922078,0.004347826,0.004347826,0.004366812,0.025974026,0.034632035,0.073593074,0.043290043,0.017316017,0.043290043,Oligomer
0,0,0.004273504,0.004255319,0,0,0.004255319,0,0,0,0.088983051,0.004255319,0.008510638,0,0.025423729,0.042372881,0.050847458,0.055084746,0.004237288,0.055084746,Oligomer
0,0,0,0,0,0,0,0.004132231,0,0,0.0781893,0,0.004132231,0,0.028806584,0.024691358,0.04526749,0.074074074,0.024691358,0.04526749,Oligomer
0,0,0,0,0.004219409,0.004237288,0,0.004219409,0.008438819,0,0.06302521,0.004219409,0.004219409,0,0.029411765,0.033613445,0.071428571,0.075630252,0.016806723,0.042016807,Oligomer
0,0.004329004,0,0,0,0,0,0,0,0,0.081896552,0.004329004,0.008658009,0,0.034482759,0.038793103,0.038793103,0.073275862,0.030172414,0.043103448,Oligomer
0,0.004201681,0.004219409,0,0,0,0,0.004201681,0.008403361,0,0.071129707,0.004201681,0.008403361,0.004219409,0.025104603,0.029288703,0.062761506,0.071129707,0.008368201,0.046025105,Oligomer
